{"accuracy": [0.44686320424079895, 0.4736017882823944, 0.4957449734210968, 0.5146032571792603, 0.5350954532623291, 0.5561153292655945, 0.5710930228233337, 0.5897811055183411, 0.611737072467804, 0.6268339157104492, 0.6422200798988342, 0.6598699688911438], "loss": [1.7592012882232666, 1.6650304794311523, 1.5959253311157227, 1.533526062965393, 1.4657407999038696, 1.3955843448638916, 1.3382562398910522, 1.2776967287063599, 1.2073323726654053, 1.1594651937484741, 1.102527379989624, 1.0470086336135864], "val_accuracy": [0.0, 6.808278703829274e-05, 0.0, 0.0, 0.00040849673678167164, 0.0, 0.00040849673678167164, 0.0, 0.0, 6.808278703829274e-05, 0.0, 0.0], "val_loss": [12.932753562927246, 12.878996849060059, 14.647830963134766, 15.53952407836914, 16.65685272216797, 17.547042846679688, 15.692509651184082, 15.302574157714844, 14.095788955688477, 13.707416534423828, 16.692001342773438, 16.626115798950195]}